month,manual_processing_hours,average_resolution_time_hours,error_rate_percent,customer_satisfaction_score,monthly_cases
2025-01,509,35.2,7.32,6.4,2542
2025-01,567,34.9,6.23,6.8,2570
2025-03,468,44.7,7.65,6.8,2576
2025-04,503,34.6,8.94,6.9,2746
2025-05,536,32.5,11.16,6.6,2789
2025-05,445,31.6,7.61,6.7,2754
2025-06,330,18.3,6.64,7.0,3146
2025-07,399,33.1,4.93,6.7,2719
2025-08,409,23.1,4.26,7.6,2466
2025-09,450,21.9,6.7,7.1,3154
2025-10,340,28.4,5.39,7.3,3074
2025-11,490,24.9,6.7,8.6,2801
